{"cameraMode":{"drawMode":0,"name":"Shaded","section":"Shading Mode"},"sceneLighting":true,"audioPlay":false,"sceneViewState":{"m_AlwaysRefresh":false,"showFog":true,"showSkybox":true,"showFlares":true,"showImageEffects":true,"showParticleSystems":true,"showVisualEffectGraphs":true,"m_FxEnabled":true},"in2DMode":false,"pivot":{"x":3.2274835109710695,"y":1.6648856401443482,"z":1.3122544288635255},"rotation":{"x":0.10186905413866043,"y":0.3249756395816803,"z":-0.03523420915007591,"w":0.9395605325698853},"size":0.26860949397087099,"orthographic":false}